Year,Jan-Feb,Mar-May,Jun-Sep,Oct-Dec,Jan-Feb,Mar-May,Jun-Sep,Oct-Dec,Jan-Feb,Mar-May,Jun-Sep,Oct-Dec,Jan-Feb,Mar-May,Jun-Sep,Oct-Dec,Jan-Feb,Mar-May,Jun-Sep,Oct-Dec,Jan-Feb,Mar-May,Jun-Sep,Oct-Dec,Jan-Feb,Mar-May,Jun-Sep,Oct-Dec,Jan-Feb,Mar-May,Jun-Sep,Oct-Dec,Jan-Feb,Mar-May,Jun-Sep,Oct-Dec,Jan-Feb,Mar-May,Jun-Sep,Oct-Dec,Jan-Feb,Mar-May,Jun-Sep,Oct-Dec,Jan-Feb,Mar-May,Jun-Sep,Oct-Dec,Jan-Feb,Mar-May,Jun-Sep,Oct-Dec,Jan-Feb,Mar-May,Jun-Sep,Oct-Dec,Jan-Feb,Mar-May,Jun-Sep,Oct-Dec,Jan-Feb,Mar-May,Jun-Sep,Oct-Dec,Jan-Feb,Mar-May,Jun-Sep,Oct-Dec,Jan-Feb,Mar-May,Jun-Sep,Oct-Dec,Jan-Feb,Mar-May,Jun-Sep,Oct-Dec,Jan-Feb,Mar-May,Jun-Sep,Oct-Dec,Jan-Feb,Mar-May,Jun-Sep,Oct-Dec,Jan-Feb,Mar-May,Jun-Sep,Oct-Dec,Jan-Feb,Mar-May,Jun-Sep,Oct-Dec,Jan-Feb,Mar-May,Jun-Sep,Oct-Dec,Jan-Feb,Mar-May,Jun-Sep,Oct-Dec,Jan-Feb,Mar-May,Jun-Sep,Oct-Dec,Jan-Feb,Mar-May,Jun-Sep,Oct-Dec,Jan-Feb,Mar-May,Jun-Sep,Oct-Dec,Jan-Feb,Mar-May,Jun-Sep,Oct-Dec,Jan-Feb,Mar-May,Jun-Sep,Oct-Dec,Jan-Feb,Mar-May,Jun-Sep,Oct-Dec,Jan-Feb,Mar-May,Jun-Sep,Oct-Dec,Jan-Feb,Mar-May,Jun-Sep,Oct-Dec,Jan-Feb,Mar-May,Jun-Sep,Oct-Dec,Jan-Feb,Mar-May,Jun-Sep,Oct-Dec,JAN_FEB,MAR_MAY,JUN_SEP,OCT_DEC
1951,89.9,304.4,1747.4,1133.4,97.1,1095.3,1974.7,187.1,8.2,546.9,1736.3,322.5,4.1,656.3,1562.7,386.2,1.5,331.7,2154.5,195.4,0.4,142.7,894.5,176.5,2.2,174.8,1026.6,192.6,5.5,98.2,889.7,78.2,8.8,36.8,771.1,33.5,38.3,30.2,669.3,14.8,24.6,53.1,626,25.2,95.7,139.1,882,57.4,8.7,54.2,247.7,27.7,28.2,85.3,347.6,38.3,181.7,266.8,690,100,206.6,305.3,369.8,81.3,0.1,27.9,137.9,13.9,2,17,324.6,19.3,5.7,10,610.7,23.2,40.3,70.9,1028.4,35.9,0,2.7,454.1,21.5,0,35.1,2481.7,332.6,0.1,39.4,608.3,149.1,0.4,28,621.1,81.9,5.2,67.6,927.4,82.1,7.3,196.6,1109.4,98.2,1.2,149.4,779.4,166.1,0,107.3,728.3,65.1,0.1,140.4,284,113.9,12.6,224.9,322.5,295.1,0,127,2733.6,263.6,0,85.6,510.4,112.4,11,117.5,505.8,237.5,13.1,366,1823,503.5,53.2,273.6,1169,219.5,27.25142857,183.0857143,964.2714286,163.4583333
1952,0.8,562,1824.8,692.3,41.7,576.2,1446.7,331.5,14.8,729,1785.2,322.4,16.1,651.2,1742.7,400.9,23.4,669.9,2404.3,173.1,1.4,199.9,1032.2,162.1,9.8,123.7,1203.4,179.9,14.6,118.2,1162,92.5,11.4,101.6,1074.5,19.3,15.6,45.8,867.5,7.1,26.5,34.2,804.8,9.7,100.5,180.2,1175.9,21.2,26,25.3,501.9,3.2,40.1,41.1,480.8,4,169.2,293.4,742.8,58.2,182.3,305,489.6,92.6,3.7,2.9,259.9,0.6,4,3.4,701.2,4.2,9.5,4.2,806.4,9,28.1,14.3,1100.6,12.3,0,0.3,774.5,1.8,0,26.3,2342.3,153.4,1.9,27.8,596.2,57.5,19.1,25.1,463.2,38.7,10.6,17.5,745.5,34.1,21.2,60.4,1250,64.8,17.4,135.2,476.5,287.5,16.9,45.6,571.9,95.3,4.3,196.9,249.8,250.2,61.4,97.1,219.2,338.7,0.5,120.2,2414.8,361.1,8,130.4,334.8,155.3,2.6,106.1,836.8,310.4,53.4,347.6,1477.7,456.1,32.5,164.8,619.3,307.9,28.26571429,176.6514286,999.42,153.025
1953,121.3,420.5,1627.1,552.9,163.3,765.8,1617.5,NA,31.3,762.4,1603.4,162.9,23.8,641.9,1825.9,169.9,39,405.8,2039.1,110.2,39.9,80.3,1291,94.6,45.8,37.7,1245.3,109,46.3,36.6,1383.7,42.7,33.9,62.7,1262,20.2,38.7,19.6,1203.3,5.3,37.5,13.3,709.4,1.7,132.9,124.2,1263.9,44.8,41.1,10,503.3,7.5,48.6,10.4,542.3,10.2,201.1,221.8,919.1,83.7,182,225.4,699.1,123.1,5.9,7.3,290.7,0.5,32.3,3.8,546.6,3.3,19.1,3.1,756.9,14.6,21.3,9.1,959.8,16.9,12.6,0.4,1041,1.4,0,15.4,3156,156.3,1.2,26.5,749.8,116.1,0.3,15.9,786.9,88.1,5,21.6,1060.5,50.7,29.4,28.6,1254.8,57.4,13.8,64.9,660.6,250.7,5.1,30.5,1058.9,177.5,1.7,59,389.5,345.4,28.8,148.5,396.5,394.2,0.3,56.8,3089.9,316.3,0,44.8,598,248.4,2.3,174.5,670.3,183.9,35.7,206.3,1825.1,477.8,51.2,59.6,937.7,557.7,42.64285714,137.5714286,1141.854286,142.74
1954,85.9,487,2419.4,456.7,NA,NA,2875.9,204.3,67.6,796.9,1812.6,182,65.2,503.3,2031.2,305.4,25.9,390,2549.9,89.7,18.2,100.5,875,86.3,6.8,78.1,990.8,132.4,20.8,37.6,958.3,42.9,20.9,42.3,970.7,16.6,68.6,5.2,862,33.8,102.5,11.8,665,99.9,273.6,55,1368.7,165.5,117.1,14.5,361.2,44.2,123,11.9,481.6,16.6,468.3,152.4,1026.4,70.5,559,150.5,531.4,66.2,15,1.4,231.1,3,23.5,4.9,613.5,24,24.2,6.6,1052.6,17.3,28.9,9.6,1031.8,6.4,2.2,5.7,1205.5,34.7,2.4,14.6,3715.7,57.5,2.4,37.8,898.5,46.4,0.4,26.3,851.4,21.6,0.8,16.5,1077.5,5.6,4.9,22.5,1148.4,17.8,0.3,54.5,820.4,278.4,0,31.9,851.2,45.4,13.4,56.1,411.4,304.5,80.2,190.3,335.1,410.6,0.5,172.5,3502.2,146.2,0,81.5,527.4,74.3,1,227.4,577.5,196.1,26.3,407,2107.4,397.2,74.1,176.7,991.1,313.6,68.35,128.8470588,1220.851429,122.6
1955,85.5,742.2,1648.3,873.6,165.9,870,3338.7,688.9,18.7,682.5,1812.6,247.4,11.9,655.5,1789,408.7,7.4,326.6,2596.9,62,5.2,83.8,953.4,225.9,0.3,114.4,1167,315.3,53.4,34.8,880.7,111.8,26.7,42.5,1139,36.1,44,7.6,1273.6,99.2,50.5,7.7,808.9,193.7,98.9,112.8,1172.8,282.4,34.7,27.7,498.8,132.8,36.5,64,500.6,372.8,207,343.8,939,429.4,62.8,302.2,599.3,192,4.6,12.9,352.5,21.3,13.1,4.1,752.9,74.5,29,3.6,977.1,139.5,73.9,8.1,1219.4,119.6,0.4,4,919.8,51.5,0.2,48,3537.9,311.3,3.2,44.7,763.7,169.4,6.5,18,1016.2,110.5,15.8,14.2,1169.5,169.3,16.3,39.9,1207.8,176.6,5.4,282.9,688.2,402.4,1,40.5,1040,121.7,16.2,154.3,451.7,194.1,37,245,337.4,441.1,0.3,394.9,2762.4,394.9,0.1,133.1,690,143.9,1.8,133.5,718.1,390.3,10.5,698.3,1849.7,576.1,50.5,340.6,926.6,230.6,34.14857143,201.1057143,1214.271429,247.5166667
1956,126.4,656,1604.4,693.3,221.1,922.7,2792.6,259.1,33,859.9,1706.7,203.3,19.6,691.7,2015.7,295.6,16.2,628.4,1991.4,249.6,38.3,217.9,1283.7,174.2,39.3,148.2,1499.5,198.4,39.6,134.6,1218.4,163.2,24,90.4,1166.2,212.9,27.2,53.1,959,214.9,27.4,35,788.5,213.6,65.4,252.8,1222.3,402.4,19.7,28.9,468.9,136.3,28.4,51.2,525.3,145.6,141.2,291.4,791.9,317.1,200.3,314.5,811.6,194.4,3.3,7.3,317.1,46.5,6.5,11.7,742.6,168,11.7,53,886.8,114.3,19.6,34.1,1313.3,148.8,0.1,26.6,1229,110.9,0.3,182.2,3240.2,241,1.7,103.6,889.3,239.2,3.1,82.6,801.2,150.4,3.2,54.1,980.6,86.7,16.1,78.5,1378.1,84.2,7.5,118.1,888.3,394.7,2.2,60.6,904.1,153.5,3.7,115.6,475.6,336,23.4,70.4,369.6,526.3,0.8,492.1,2944.5,419.1,2.8,95.3,673.7,267.1,0.5,196.9,611.6,255.6,19.6,518,1720.1,540.6,41.3,311.6,705.5,229,35.27142857,228.2571429,1197.637143,238.4944444
1957,47.3,166,1833.6,460.3,34.8,401,3236.8,36.8,100.4,605.4,1428.6,122.8,119.7,415.1,1618.3,150.8,112,203.7,1824.6,85.1,76.8,31.1,984.4,38.3,39,76.3,1112.7,49.6,81.1,39.5,1238.6,18.4,78,13.4,861.2,14.4,44.6,20,880.5,10.5,60,36.8,874.6,33.8,173,226.7,1240.3,140.6,53.4,38.7,466.2,58.9,109.1,47.9,490.5,63.1,218.9,432.2,917.9,253.8,328.7,478,450.4,263.1,19.7,20.5,217.2,9.6,26.6,17.7,600.6,17.4,12.6,40,765,15.2,21.8,87.9,884.1,7.1,2.3,6,623.6,15.9,0,32.3,2951.1,140.1,0.1,62.6,675.1,112,3.6,58.5,781.3,57.3,11,91.5,939.8,28.5,25.1,82,1087,28.3,2.5,63.7,799,152.4,7.7,75.8,824.1,75.6,1.4,63.7,358.5,148.2,11.5,111,263.6,480.8,0,178.1,2658.7,338,0.9,101,538.6,197.3,4.6,208.2,828.2,168.9,17.2,477.2,2107.4,501.5,12.3,253.9,636.1,444.9,53.07714286,150.3828571,1085.662857,131.6472222
1958,37.2,410.2,1710.4,649.6,254.2,962.9,2137.9,321.5,63,747.9,1579.8,235.7,93.4,512.6,1119,243.5,25.6,404.8,2239.4,150.4,38.4,109.5,885.1,118.2,54.3,87.8,1212.6,269.3,51.3,56.9,960.3,112,18.7,47.2,1018.8,82.7,17.8,11.5,872.8,114.8,10.5,9.6,1013.2,132,75.6,88.3,1201.5,133.6,4.8,11.7,623.1,33.4,13,11.7,714.8,88.5,106.4,199.4,1017.9,248.6,124.5,308.6,782.5,134.8,2.2,3.8,233.3,24.7,4.6,2.7,713.7,21.7,4.5,5.6,1021.2,68.5,25.1,21.5,1011.8,113.1,1,2,1063.2,56.9,0.3,44,3886.3,69.7,1.6,61.9,903.9,86.7,0.1,42.3,892.6,89.5,7.8,41.3,1018.5,104.6,48.3,57.9,1252.5,162.3,9.2,69.1,851.3,675.7,7.1,48.8,967.3,90.8,8.8,79.3,409.5,310.7,18.1,191.3,308,335.2,0.6,233.1,3287.9,165.9,2.2,153.6,480.9,115.3,2.7,115.3,1071.8,91.1,23.7,545.9,1948.7,404.8,1.8,124,646.1,220.7,33.09714286,166.4,1173.074286,174.3472222
1959,11.9,356.1,2271.7,703.6,124.3,897.3,3475.2,NA,76.4,724.6,1424.6,310.1,117.6,482,1371.2,356.8,105.5,394.6,1734.2,346,46.3,137,1297.7,332,30.9,72.1,1218.2,174.7,57.1,79,1190.9,272.8,82.7,63.7,799.3,233.9,57.4,44.9,639,127.9,50.2,41.1,610.3,66.6,161.2,127.4,1339.3,115,36.4,17.4,395.7,35.4,64.7,35.2,553.5,46.4,379.2,190.8,933.8,136.5,234.3,205.3,961.2,149.6,3.5,14.5,306.1,11.2,6.1,38.9,690.5,50.8,23.1,26.1,1054.5,77.8,52.9,39.8,1147.7,62,0,4.2,1430.1,126.4,0,42.2,3319.9,226.5,2.4,56.1,920.7,139.7,1.5,22.8,808.3,117.7,14.8,18.4,1493.1,80,35.2,19.3,1420.3,69.4,16.4,26.3,843.1,234.9,1.4,20.3,1128,74.5,5.4,58.4,417.5,154.4,38.5,119.7,305.3,430.8,0,234.8,3947.1,148.9,0.1,70.6,557.7,70.1,0.3,150.2,661.2,178.2,24.3,504.2,2831.2,386.3,15,380.1,877.9,310.6,53.62857143,163.2971429,1267.885714,181.6428571
1960,176.6,601,1563,684.5,49.8,777.6,3138.5,172.1,11.2,399.9,1837,94,6.1,252.8,1323.5,217.5,6.6,350,2182,71.9,2,154.2,1017.7,71.6,6.2,106.8,1331.8,148.2,7,63.3,1133,45.4,1.5,97.9,1108.7,39.9,9.7,45.1,977.8,137.4,11.7,42.1,886.4,189.7,81.5,154.6,1209,95.1,11.3,30,637.5,44.1,14.3,42,529.9,20.8,83.6,221.1,733.3,77.2,58,221,443.1,44.2,0.2,4.9,206.7,6.1,1.8,13.5,567.3,8.9,25.2,20.3,782.1,54.6,46.9,32.1,1067.4,105.6,1.6,8.2,633.3,6.5,0,82.1,2847.8,97.7,3.6,69.5,748.4,64.4,3.6,68.3,573.8,92.6,38.8,55.9,888.4,81.9,18.6,65.8,1167.6,112.3,1.6,44.7,743.9,153.4,0.7,58.8,707.1,72.8,0.5,53.1,396.5,294,15.4,141.9,346.7,509.9,0,442.9,2804.7,256.6,0,111.6,526.5,53.4,5.5,226.7,996.2,181.1,17.8,791,1939.2,637.5,69.6,585.8,823.8,422.6,22.52857143,183.9,1109.131429,149.0416667
1961,181.5,1094.5,1857.3,805,145.7,587.2,3896.1,330.3,31.2,732.6,1261.7,169.8,47,482.4,1250.5,121.3,50.4,338.1,1780.8,135,86.8,111.6,990.1,101.9,132.1,78.9,1542.1,192.2,93.2,35.6,1270.2,161.5,47.5,37.3,926.3,246.9,50.3,8.3,939.6,216,77.7,9.8,956.9,153.9,260,85.6,1409.4,193.3,70.2,16,500.1,41.6,91.2,21.8,545.4,31.7,311,207.1,876.3,121,161.2,217.2,642.7,117.1,17.7,12.2,365.5,4.9,18.9,5.6,829.8,29.9,23.9,8.2,1263.5,138.2,40.3,18,1453.7,86.8,0.6,0.6,927.6,16.2,5.2,184.5,3480.1,251.3,0.4,114.5,815.2,140.4,1,48,664.9,245,6.7,31.2,1253.1,149.7,46.6,32,1779.5,115.9,37.9,55.7,692.5,333.2,6.9,60.6,864.1,215,10.4,44.9,387.7,208.5,88.6,98,405.7,318.3,0,683.6,4536.9,333.4,0.6,140.6,456.9,150.6,8.3,205.4,794.2,299.3,45,606,3229.3,377.6,107.7,452.4,1334.5,340.7,65.82,196.1714286,1319.434286,191.4833333
1962,167.3,374.1,1671.9,746.4,158.1,665,1244.7,129,52.5,521.1,1587.3,135,37.8,301.9,1352.4,130.4,54.7,390.3,1996.4,80.3,21.9,140.9,869.7,141.1,13.4,89.8,1072.2,171.2,23.2,61.9,897.9,64.8,20.8,69.1,1012.4,75.7,45.6,17.2,1001.4,7.7,52.6,18.1,719.7,7.8,165.8,117.4,1292.8,71.5,31.5,10.5,459.6,9.4,53.8,52.1,641.5,22,147.9,240.9,888.6,116.1,117.4,202.5,482.3,128.1,1,12.3,247,2.3,2.6,8.6,583.4,9.5,11.6,20.3,845.5,28.6,36,40.4,937.9,54.1,0,5,756.2,11.8,0.2,130.3,3196.8,157.9,0.3,76.8,698.3,123.6,3.4,84,728.9,129.4,10.2,73.1,966,103.3,19.6,62.3,988.1,54.7,12.3,105.1,819.6,408.5,25.3,69.4,908.7,135.4,5.9,127.7,352.5,330.3,33.6,176.2,345.9,385.9,3.6,391.1,3207.7,415.3,5,114.3,532.6,187.2,3.9,142.7,631.1,215.1,83.1,607.1,2101.6,584,11.1,412.7,842.3,320.5,40.94285714,169.4914286,1053.74,158.1638889
1963,106.7,336.8,1953.5,584.7,113.8,456.5,1515.1,124.2,11.2,522.8,1797.1,180.7,4.6,508.4,2075.9,381.1,2.7,459.7,1965.1,177.2,2.7,170.9,974.4,141.5,7,146.1,1198.1,210.8,10.6,100.8,963.4,240.1,5.1,105.9,1058.6,156.6,17.1,38,906.7,34.5,18.5,18.4,877.2,15.6,52.8,231.6,1422.5,95,7.2,10.4,488.9,15.4,14.9,50,390,21.3,71.3,297.9,854,131.3,36.4,523.1,193.1,156.5,0.7,10.5,153,10.3,1.9,5.7,544.7,25.4,11.6,9.4,824.8,59.5,20.7,32.5,1030.1,36.8,1.4,1.6,935.3,59.5,0.1,8.8,3494.3,103.6,5.1,49.3,732.3,113.2,6.2,36.1,863.8,95.1,10.9,47.2,1008,81.8,5.8,82,1156.7,92.7,0,80.7,571.4,371.8,0.3,48.5,870.1,91.2,7.4,74.6,404.4,222.7,81,140.7,346.8,504.3,1.8,153,2764.7,251.8,11,147.2,445.4,179.6,0.1,75.2,890.3,203.7,55,323.2,1848.5,424.4,239.6,283.7,971.7,407.1,26.94857143,159.6342857,1099.711429,166.6944444
1964,87.4,551.8,1745.9,669.8,58.8,408.5,1121.2,80,32.2,646.4,1824.8,226.2,41.1,651.7,1297.4,338.4,1.2,321,2504.7,154.5,13.8,161.1,971.6,132,30,94,1138.3,92.3,14.3,77.4,983.2,75.4,4.7,83.6,965.1,69.1,8.2,47.3,953.6,27.6,3.1,22.6,962.9,13.4,162.2,218.6,1356.2,32.6,6.2,15.9,682.1,6.7,16.7,28.2,654.3,9.6,235.5,268.2,809.1,41.4,186.9,272,423.5,63.9,0.9,14.6,321.2,0.7,0,30.7,614.5,1.2,0.1,10,866,4.1,8.3,6,1150.6,22.4,0.1,4,888.1,0.5,0,6.1,3009.4,177.3,0,17.3,844,84.3,0.2,7.9,737.5,35.1,2,4.8,960.2,43.7,23,14.9,1358,113.3,11.9,40.6,867,141.5,0.2,8.3,830.1,48.9,0,13.9,584.5,193.1,2.7,83.8,399.1,424.9,0,31.8,2837.8,271,0.8,35.8,727.6,135.6,1.2,71.3,597.5,65.1,8.8,245.2,2079.8,535.2,6,109.8,1300.2,235.7,27.67142857,132.1457143,1124.771429,126.8472222
1965,42.2,368.5,1774.3,978.8,95.7,560.7,1385.9,96.8,78.7,537.7,1626.7,155.7,63.4,264.7,1479.1,223.7,22.1,350.1,2318.2,72.3,34.2,124.5,1024.5,80.5,27.8,134.7,926.2,85.9,9.5,72.8,889.7,40.4,1.7,30.4,944.3,26.3,2.8,32,601.1,49.6,18.4,42.2,586.9,26,204,225.4,828.6,47.7,17.7,36.3,316.7,11.3,37,70.9,300,15.3,261.6,441.4,460.4,57,200.4,433.1,194.7,84.4,4.9,13,193.9,3.5,8.8,8.3,399,7.8,5.5,4.2,568.5,16.5,5.4,28.4,643.5,20.5,7.4,2.2,643.6,3.5,3.4,5.8,2967.6,94.8,6.1,22.9,718.7,43,7,10.3,597.4,16.7,23.6,21.9,696.2,1.9,10.2,45.1,881.2,4.9,2.6,79.2,583.9,88.6,3.5,13.9,761.3,0.1,1.2,61.2,403.9,129.7,9,114.8,351.4,446.6,2.5,49.4,2574.2,205,1.3,31.7,566.4,33.5,5.2,118.1,617.8,269.8,10,352.6,1508.9,470.9,7.5,205.8,724.9,467.7,35.49428571,140.4057143,915.9885714,121.575
1966,83.9,427.6,1372.1,817.6,29.2,363.1,1392.7,92.8,43.6,524.1,2053.9,167.7,17.7,315.4,1832.6,313,37.1,286.2,2069.1,123,37.5,66.8,888.5,125.9,53.5,66.8,1013.4,153.2,28.5,32.8,758.7,59.8,28.1,40.4,661.5,37,22.3,8.6,632.5,44.4,19,21.5,695.6,19.9,89.8,143.5,1168.9,63.6,37.3,53.7,609,7.8,39.1,59.6,527.5,11.9,145.3,251.2,888.9,85.6,200.9,417.6,650.9,109.5,11.5,13.2,226,2.2,2.8,12.8,454,3.9,4.9,5.1,641.5,28.5,17,10.1,777,45,0.2,0.6,694.6,1.2,0,64.8,2206.4,156.3,2.4,85,641.7,108.3,18.9,66.7,569.2,92.3,17.2,49.1,870.1,66.4,20.9,37.6,969.8,58.8,41.3,36.3,643.1,234,19.8,13.2,831.9,106.1,6.3,54.9,464.2,378.7,17.6,97.1,437.5,614.7,3.7,208.6,2278.2,486.2,13.7,98.9,455.8,155.2,5.7,108.3,701.8,124.6,9.9,330.3,1593.3,688.2,21.5,45.5,1182.9,491.6,32.80285714,126.2,967.28,168.7472222
1967,186.2,609.7,1796.4,624.1,128,379.7,1320.2,145.5,48.8,505.4,1452.9,116.3,85,573.1,1374.9,196.8,2.4,397.8,2312.6,147.7,55.8,163.2,1074.4,55,71.4,154.3,1171,30.8,9.6,107.8,1074.6,33.2,0.2,92.8,894.8,12,2.2,47.8,945,34.4,0.6,39.4,1048.6,68.5,46.1,161.7,1224,124.3,2.4,57.3,689.7,90.5,13.3,87.8,485.6,93.6,129.9,260.9,994.5,173.2,131.5,299.5,466.3,194,0,63.2,248.5,28.7,0,61.3,658.5,40.1,0,35.3,825.4,84.9,0.2,56.5,1258.3,92.9,0,42.7,873.8,22.1,0,16,2612,124.2,0.1,25.8,783.4,103.7,0,10.8,610.1,138.9,0.5,59,937.9,130.9,1.7,124.5,1279,67.2,13.1,110.1,635.9,84,0.3,72.3,810.6,58.8,16.8,93.4,379.9,247.6,29.9,107.2,295.9,466.1,2,105.3,2937.8,136.8,1.2,78.8,475.6,90.1,8,127.8,739.2,126,14.4,339.6,1937.3,277.8,10.5,148.3,978.6,149.9,28.91714286,160.46,1074.377143,128.0722222
1968,23.4,383.3,1803.3,552.8,123.8,391.3,1359.3,310.2,42.7,681.3,1666.8,140,38.1,476.9,1497.4,97.6,31,362.4,2583.3,402.1,13.3,55.7,1374.3,154.3,63.1,92.9,1070.3,237.8,43.9,32.2,1141.8,75.5,30.8,27.3,963.7,118.2,34.3,8.8,761.8,35.2,30.2,10.4,635.5,17.2,296,126.9,1002.4,53.3,30,19.6,329.6,9.1,55.2,36.4,424.6,20,302.6,176.6,573.8,115.2,189.7,206.8,515.5,153.6,9.1,9.9,122.4,0.7,10.1,11,493.4,5.1,11.2,11.1,824.4,14.5,47.8,13.4,890.4,22,0.4,1.4,655.9,10.3,0.3,7.6,2212.4,139,5.2,23.2,719.6,76,29.6,44.1,587.5,51.1,38.5,52.7,799.7,32,51.7,40.2,1011.7,64.4,23.1,84.4,451.3,280,31.5,58.5,560,98.7,2.6,70.1,287,264.2,10.2,169.3,304.3,305.6,2,69.1,3138.3,251.5,17.7,76.1,504.8,128.7,0,142,710.6,253.9,37.8,312.5,2711.4,331,10.5,92.6,1120.5,120.8,48.21142857,125.0857143,1023.114286,137.2666667
1969,171,352.7,1539.1,556.3,153.5,639.3,1357.9,130.7,29.2,532.4,1660.3,110.2,22.4,387.9,3050.2,149.5,14.4,396,1934.6,79.9,9.9,190.1,1134.9,69.3,1.7,112.1,1082.3,87.1,10.2,125.8,976,46.1,14.5,94.8,1140.1,39.2,5.4,47.2,952,20,8.8,31.4,822.2,15.8,122.9,186.7,1299.6,26.5,8.3,34.3,433.7,1,35.9,53.6,400.5,4.9,144.6,314.1,656.6,12.3,220.9,393.9,411.3,69.5,2.2,4.8,110.8,1.1,4.6,8.5,618.8,2.2,6.1,1.1,1063.7,46.1,11.1,11.6,1186.3,33.2,0.3,0,778.3,10.4,0,3.5,3061.8,62.1,0.2,11.3,929.5,43.2,0,3,768.8,52.9,1.5,14.3,951.1,26.1,7.6,65.6,1067,32.5,0.7,270.8,540,468.2,2.2,64.3,833.9,146.7,0,61.2,355.3,425.9,8.7,92.6,267.8,592.7,0,95.8,2989.6,257.5,0,59.5,521.2,148.4,6.7,183.4,645,238.7,9.1,364,1870.6,421.3,34.1,301.2,595.8,485,30.53428571,157.3942857,1085.902857,136.4583333
1970,106.2,488.7,1738.2,1037.7,283.5,554,1385.5,234.4,82.8,787.9,1913.5,264.3,352.1,579.6,2841.3,543.2,31.4,332.9,2273.9,64.1,25.9,111.1,1300.7,210.9,32.1,140.2,1170.5,69.5,40.9,66.1,1116,68.5,35.5,60.2,944,35,72.6,40.8,967.5,51.4,82.3,24.8,739.7,16.9,129.9,107.3,1025.3,31.1,70.8,20.9,445.7,0.8,60.7,20.3,565.3,4.2,155.4,88.6,831.4,7.1,96.2,167.5,331,62.2,22.9,6.4,326.2,0.2,32,7.6,674.2,4.6,32,21,1053.4,6.8,90,50.1,1198.5,3.6,1.1,5.4,1341.4,5.8,0,76,3434.6,86,1,57.6,811.8,70.9,8.4,40.6,842.1,19.9,17,40,1174.1,9.6,24,87,1370.6,19.9,10.6,136,733.4,184.1,7.6,72.8,863,26.8,14.3,91.9,497.6,172.6,34,156.5,341.3,410.3,0,293.3,3562.2,186.5,0.6,109.1,585.3,95.7,7.3,141.1,721.7,150,30.5,447.7,1860.7,364.6,25,211,1320,227,57.61714286,161.2,1208.617143,131.8388889
1971,74.3,471,1613.7,839.6,226.3,648.7,2023.5,165.4,55.3,416.8,1551.3,291.6,96,572.9,2141.5,270.5,49.7,547.4,2274.4,355.4,44.8,301.1,1559,194.9,39.6,161,1164.2,232.1,67.7,181.2,1539,110.8,31.9,178,1082.2,140.5,27.3,101.3,1106.3,76.3,23.4,59.2,830,90.6,153.9,384.5,1163.6,101.9,35.9,67.4,520.5,13.1,47.2,57.6,633.5,9.6,129.6,143.1,973.7,28.6,140.2,155.9,417.1,51.5,3.8,25.1,220.4,2.2,3.5,34.3,732.4,14.2,7.3,21.8,1060.8,45.8,42.9,55,1309.9,110.9,0.1,5.3,758.8,5,0,85.4,2627.2,41.3,0,47.1,670.1,56,0.3,40.2,458.9,108.4,16.5,60.3,696.6,108.9,45.1,129,1265.4,94.3,27.4,205.1,613.5,187.2,14.8,51,495.4,167.9,8.3,99.8,285,227.9,30.4,154.2,370.9,492.2,0.1,292.2,2878.4,64.6,0.9,93.5,385.9,131.8,1.1,217.5,642,203.5,50.1,450.6,2254.6,321.5,16.1,302,1273.4,309.9,43.19428571,194.7571429,1131.231429,157.3861111
1972,15.3,605.9,1844,857.7,94.2,454.8,1177.7,486.6,57.6,698.9,1515.3,107.3,50.7,347,898.7,57.5,51,473.9,1789.7,100,45.8,45.6,1179.9,61.8,22,44.8,1133.8,124.4,55.1,12.5,852.1,76.3,51,9.2,584.7,73,33.1,5.1,588.9,39.7,30.3,8,528.3,18.5,122,102.6,809.6,43.6,18.9,17.4,360.6,44,40.9,17.4,375.1,37.5,132,158.4,445.5,106.4,198.7,372.9,364.5,209.6,1.9,3.8,178.7,1.5,4.8,2,440.9,6.6,3.8,2.1,749.3,15.1,10.9,2.7,958.3,66.5,2,1.9,499.7,0.2,0.1,11.3,1826.2,35.4,0.2,17.8,472.8,29,0,3.2,307.6,36.3,1.1,7.1,679,53.5,19.3,22.6,1067.7,89.3,32.5,52.8,518.8,424.4,14.6,24.9,511.9,119.4,3.9,103,300.4,418.7,5.2,166.2,322.3,599.8,0.5,170.5,2439.8,246.1,2.4,66.8,347.3,83,0,124.4,786.5,175.7,10.2,526,1596.8,606.4,1.1,92.7,871,322.8,32.37428571,136.4628571,837.8114286,160.3777778
1973,38.5,478.7,1587.8,886.1,121.8,608,1416.7,273.1,92.6,605.5,1742.6,231.4,62.7,493.5,1183.8,365.8,49.7,448,2005.1,301.8,10.2,227.8,1245.7,251.5,7.3,109.7,1185.4,271,25.8,87.4,1068.5,259.4,33.1,73.1,916.3,166.5,30,18.7,797,110,20.2,10.5,722.4,52.8,138.7,94.5,948.9,57.6,21,36.7,440.8,28.6,58.4,51.2,581.5,51.9,197.3,124.1,567.1,66.6,217.5,254.4,555.2,73.4,0.9,10.9,440.8,2.2,6.5,13.5,919.5,8.6,5.3,2.9,1362.5,36.2,30.3,2.3,1130.5,89.2,0.9,1.4,1150.2,7.1,0.4,3.2,2726.1,106.7,3,15.1,853.4,109.1,0.7,4.5,765.8,100.3,6.7,4,986.4,165.3,13.8,12.7,1215.5,225.3,0.4,58.3,542.9,257.5,0,13.7,800.4,228.4,0,31.8,423.6,234,0.5,82.9,373.7,401.4,0,98.3,2842,185.7,0,40,492.1,218.7,0.1,152,754.5,144.9,0.3,263.8,1749.2,399.2,6.1,137,1055.6,358.7,34.30571429,133.4314286,1072.842857,186.8333333
1974,66,672,1378.7,845.3,204.6,1187.3,1950.2,432.2,43,703.8,2356.3,300.4,11.3,478.1,1590.3,249.9,21.6,644.2,2489.4,186.3,3.6,207.5,1114.6,144.9,1.3,84.3,790.4,111.1,3.1,79.5,966.6,77.9,4.6,70.9,1127.7,32,3.7,12.1,813,53.4,0.9,8.7,601.5,57.7,84.8,52.5,929.4,95.1,1.8,7,346.1,29.9,5.1,11.3,323.4,16.3,119.6,100,480.2,76.3,218.7,186.5,305.5,91.9,0,24,132.8,7.5,0,18.7,512.9,80.2,0.8,15.7,768.5,91.6,7,5.6,876.9,81.6,0,51.9,329.3,40.1,0.7,80.7,2766.7,238.6,0.1,78.1,681.6,152.1,0.4,39.3,476.8,134.1,4.8,14.3,653.7,168,6.6,13.1,822.6,108.6,1.6,59.1,573.8,310.5,0,41.7,521,267.6,0,69.6,435.3,223.6,9.4,96.6,361.9,184.8,0,199.4,3044.1,190,0,112.8,527,177.5,7.3,129.4,962.2,235.3,7,365.6,2188.2,206.6,16.8,208.1,1193.2,93.2,24.46285714,175.1257143,1011.194286,160.8916667
1975,304.4,395.2,1589.1,797,119.3,712.6,1417.4,281.6,32.3,567.9,1473.9,196.5,25.7,425.3,1407.1,351.5,50.2,350.4,2080.8,182.2,28.6,114.5,1138.9,184.2,19.5,58.1,1161.4,153,30.6,66.1,1162.1,102.6,13.2,57.5,946.7,51.7,21.1,21.9,1142.2,40.3,21.2,10.3,935.3,22.6,145.8,107.1,1305.5,21.9,23.2,15.3,563,20.6,41.4,24.7,634.5,5.3,262.5,186.8,587.9,16.8,165.8,362,632.2,20.3,1.3,3.6,522.2,26.7,1.7,3.9,849.6,42.7,4.6,4.2,1004.6,51.2,23.1,14.6,1302.5,94.2,0,0.9,1143.6,48.2,0.1,14.6,3287.8,212.9,1.5,16.4,859.7,163.1,10.5,18.6,907.8,114,26,14.5,1190.6,93,17.2,23.8,1292.7,141.7,10.7,36.4,796.5,348.7,23.4,32.6,949.2,210.6,0.9,55.5,513.4,471.8,10.3,136.3,445,332,0.3,118,3919.1,262.6,9.3,72.5,667.2,344.8,0.1,95.3,503.1,162.6,26.6,349.3,2529.3,593.1,9.3,393.5,1175.9,311.8,42.33428571,139.4342857,1201.08,179.8277778
1976,30.6,713.5,1698.2,833.7,129,507.2,1619.2,518.3,42.1,411.5,1407.8,94.6,54.7,588.6,1909,99.2,59.7,443.6,2140.8,149.8,32.8,201.3,922.6,83.8,10.1,94.3,1002.5,72,23.1,90.6,1062,16,14.7,90,1033.4,23.7,9.5,29.4,879.5,5.2,13.4,16.2,620,3.6,71.1,93.8,814.6,6.8,31.8,41.9,651.8,1.1,82.8,44.6,662.2,5,172.2,205.7,765,36.4,253.1,230.4,481.6,58.7,9,12.6,390.4,13.3,15.1,13.7,736.1,50.4,8,15.6,954,50.1,15.9,30.9,995.3,13.5,3.2,0.2,1558.8,57.9,0,6.6,2965.1,91.3,0.1,12.7,927.7,85.4,0.2,13.5,563.7,45.6,2.2,20.7,912.1,39.6,4.5,29.6,1335.6,9.7,1.1,62.3,598.5,428.4,0.2,37.3,958,40.1,0.9,26.3,444.5,345.3,1.4,92.3,326.1,439.1,0,64.2,2670.6,199.1,0,51.7,436.1,73.6,1.3,201.8,697.1,307.4,1.6,231.3,1297.1,538.8,10.3,159.3,970.6,361.9,31.59142857,139.5771429,1068.788571,144.4
1977,122.9,288.3,1492.9,484.1,195.9,868.9,1957.1,193.3,25.2,841.1,1505.2,245.2,49.1,715.1,1389.9,204.4,22.6,621.3,1912.7,349.8,35.9,273.6,1361,170.1,9.9,181.1,1129.1,157.8,27.3,154.2,1240.7,99.3,8.1,101.9,865,172.5,14.1,40.8,777.1,82.2,18.7,42.8,887.5,45.3,54.7,170.8,1109.6,81.1,51.6,47.2,623.1,18.3,38.2,80,566.4,28,90.2,197.6,859.3,97.9,171.5,235.2,418.4,130,8.7,16.7,362.6,1.4,13.1,25.3,845.8,3.2,7.8,18.2,927.4,49.4,14.9,19.7,1204.4,133.2,4,15.8,1278.3,9.6,0,12.3,2935,156,0.2,48.3,716.5,182.3,1.5,15.9,547.4,202.8,2.1,27.6,926.1,112.2,9,54.9,1334.6,67,1.5,166.1,551.2,413.9,0,52.6,661.5,94.5,0.8,95.2,377.4,393.2,26.2,160,353,706.9,1.9,144.2,2853.6,379.3,1.2,120.4,521.2,207.1,7.5,147.3,857.9,219,16.8,436.9,1788.5,805.4,39.6,300.9,1014.1,493.6,31.22,192.52,1090.042857,199.7027778
1978,138.9,425.9,1775.9,371.6,229.2,737.6,1667.4,156.7,13.2,399,1478.2,121.6,4.7,648.6,1405.5,92,32.6,499.2,1711.1,134.8,22.6,216.5,1467.9,165.5,35,111.5,1180.8,111.7,61.4,107.5,1254,133.2,41.1,93,1005.2,151.4,55,47.8,995.9,17.6,37.7,66.1,1127.9,12.5,117.7,290.2,1558.5,65,25,57.4,563.4,5.3,34.2,69.7,605.8,10.9,166.3,242.5,873.9,88.4,123.2,354.5,492.3,91.6,11.7,9.7,345.6,12.6,10.5,6.6,691.7,18.3,19.3,9.5,927.8,46.8,95.8,35.8,1191.8,69.3,1.1,2.3,894.2,38.2,0,95,2671.8,118.8,11.4,59.9,689.7,122.6,24.5,40.7,613.3,106.3,37.7,30.5,1103.4,77.7,17.9,35.4,1281.5,35.6,27.1,60.6,812.5,138.1,49.8,49.5,1130.8,81.7,9.1,64.1,481.3,314.8,12.6,102,300.2,584.1,0.8,263.4,3387.2,211.5,13.7,112.9,633,145.2,29.5,84.4,809.6,197.2,18,502.1,2081.1,575.6,6.7,354.2,1201.6,404.9,43.85714286,179.5885714,1154.622857,139.6972222
1979,44.9,215,1242.5,347,106.8,727.9,1746.4,198.3,12,357.7,1542.6,276.3,9.6,287.1,1314.4,138.1,34.9,257.7,1862.9,356.3,43.3,58.7,975.9,79.9,21.5,50.9,862.2,61.2,61.1,31.6,724.3,65.8,42.9,29.8,805.2,124,58.2,21.1,555.5,61.7,93.7,42.8,393.7,27.8,119,153.5,747.5,52.3,68.7,44.1,215.9,12.7,97.8,74.8,276.5,14.9,285.2,274.4,390.7,70.7,164,434,342.3,137.1,28.4,34,226.1,19.7,32.4,20.1,398.5,64.1,56.5,18.1,600.7,106.6,93,14.2,633.9,68.8,5.6,0.4,794.1,104.3,0.7,0.4,2404,104.1,5.3,13.4,873.2,134.9,15.3,25.2,658.1,109.1,90.1,15,930.2,51.8,45.4,9.4,808.8,41,30.7,140.4,534.6,228.3,32.7,62.5,634,62.5,22.6,103.6,356.8,330.4,44.2,62.9,398.7,597.5,1,24,2556,242.4,15,70.5,727.3,150.4,0,185.2,857.1,182.7,32.4,181.3,1840.5,448.8,16.2,48.5,1166.8,593.9,52.31714286,116.8628571,897.0828571,157.3722222
1980,6.3,776.5,1946.3,896.3,236.5,870.7,1980.6,247.4,49.3,559.6,1537.1,143.2,49.6,708.8,1377.3,169.3,56.4,507.8,2430.4,154.1,38.1,192.7,1131.2,159.1,20,124.8,1223.3,94.8,28.5,98.1,1137.8,76.1,7.1,98.4,1115.9,30.8,7.1,24.7,1426,30.7,9.2,21.9,917.9,35.6,77.4,97.3,1097.2,61.6,8,31.2,434.3,39.7,31.7,29.3,531.6,69.1,170.4,126.4,765.3,93,255.7,234.4,395.3,132.4,0.5,12.1,206.8,19,1.2,5.4,522.7,18.1,1.1,1.6,837.2,34,13.5,5.9,1313.7,36,0.1,0.1,803.1,18.7,0,6.4,2645.8,72.1,0,26.1,852.5,60.9,0.1,11.6,776.1,25.1,18.6,4.3,993.1,26.6,7.7,30.6,1431.2,26,2.9,53.2,691.5,267.2,0,29.1,869.9,23.6,0,37.7,311.1,224.8,0.1,130.4,243,335.5,0,136.5,3455.2,170.3,0.1,73.2,572.5,45.9,1.9,140,880.2,162.5,0.9,240.9,2077.5,484.1,18,156.3,703.2,334.2,31.94285714,160.1142857,1132.394286,133.8277778
1981,38.9,366.7,1908,761.2,140.8,1004.9,1853,279.3,60.3,494.6,1431.8,92.7,53,750.9,1214.2,54.2,71.8,537.1,2295.9,64.6,77.6,426.5,1316.7,88.2,39.4,197.8,1032.7,25.7,74.2,156,914.5,22.5,37,148.4,1168.1,11,23.3,45.8,1025.7,15.4,24.3,37.5,650,27.9,95.4,182.3,1016.7,61.7,39,53.2,358.4,42.9,68.7,65.5,318.5,51,210.8,283.4,563.3,89.6,277.3,392.8,405.3,60.1,7.9,16.6,187.3,36.8,5.2,12.6,563.5,34,4.7,20.9,806.3,58.2,14.7,41.1,954.9,25.4,1.3,1,1040.6,71.4,0.6,4.3,3036.1,83.7,10.5,18.2,827.1,74,28,25.2,635.1,98.2,21.2,41.6,1122.7,33.2,22.3,40.3,1129.9,23.7,16,108.9,694.5,109.8,10.3,77.9,1010,45.3,7.9,70.3,487.1,219.9,10.1,132.6,466.3,436.8,0.7,76.9,3591,179.9,6.2,62,724.6,84.5,0.1,119.5,735.8,148.1,13.8,270.8,2274.4,446.9,22.2,231.5,1085.1,278.6,43.87142857,186.16,1109.86,117.6777778
1982,11.6,333.3,1575.8,463.8,135,948.2,1992.2,190.7,32.9,520.4,1720.6,108.3,54.9,401.7,1496.3,74.5,10.1,347.1,1895.7,84.8,38.2,195.2,830.4,47.1,37.8,170.1,1010.7,39.8,32,141.5,841.5,70.2,10.5,73.9,784.6,64.6,44.6,96.3,933.8,35.9,38.8,126.2,769.4,34.7,120.5,298.5,900.4,52.7,41.4,161.1,284.9,19.2,63.5,194.6,276.9,36.3,335,527.6,420.4,140,230.9,455.8,299.4,216.2,15.4,81.3,202.9,12.2,21,55.8,520.4,63.1,49.6,14.1,784.7,85.6,99.4,32.8,1114.9,50.2,0.5,48.5,606.2,103.1,0,14.5,2572.6,111.7,2.3,40.3,608.4,101,10.6,28.8,526.5,70.6,56.3,26.5,708,65.3,46.2,59,1005.6,86.7,2.1,92.7,529.5,264.2,5.8,63.6,747.8,116.1,0.9,49.2,287.2,258.2,0.3,92.5,240.1,345.7,0.3,91.1,3798.2,201.2,0.1,74.4,479.3,127.6,0,83,870.3,157.8,0.8,230.6,1689.2,302.7,2,107.8,1023.5,258.7,44.32285714,179.3714286,981.38,123.9027778
1983,22.1,253,1892.4,624.9,109.5,559.8,1599.1,227.2,54.2,534.1,1844.2,187.6,68.4,951.1,1343,225.4,83.7,458.3,2147.6,149.1,48.2,223.7,1009.4,182.3,56.9,137.3,1130.1,107.7,37.4,137.6,961.2,125.5,14.8,134.1,871.3,84,21.6,71.5,981.9,129.9,33.5,99,994.4,64.7,126.4,326.1,1008.3,64.5,43.2,124.3,568.2,8.7,92,188.8,456.3,13.9,189.3,385.5,551.6,63.2,216,635.4,558.2,75.6,3.6,75.5,380.1,10.1,5.2,61.3,696.7,32,5.4,27.7,982.5,56.3,22.9,18.4,1165.2,69,0.1,9.4,1124.7,79.8,0,0.7,3698.6,115.2,1.5,2.9,865.8,48.5,0,6.6,1066.3,114.6,8.9,10.1,1150.7,70.6,25.1,50.3,1228.3,68.1,17.4,69.6,858.5,250.6,4.2,43.9,1255.4,194,1,63.2,630.3,248.6,0.4,94.2,437.3,475.7,0,24.4,3701.5,216.4,0,24.8,669.7,83.5,10,159.1,742.4,152.4,1.7,89.9,1906.9,321.8,1.4,113.7,1086.8,201.3,37.88571429,176.1514286,1187.568571,142.8527778
1984,243.2,345.2,1280.7,951.2,76.2,730.4,2461.9,164.8,29.7,647.4,2292.5,187.5,19.2,869.2,1407.3,158.3,40.6,530,1982.1,195.7,21.7,129.8,1568.4,111.8,16,84.1,1221.8,55.7,59.6,46.7,1373.2,50.5,62.5,78.1,1265.8,19.9,47.5,21.6,984.4,23.3,52.2,8.3,719.6,1.1,148.5,84,1070.6,35.9,16.4,3.8,457.8,1.1,69.6,24.5,610.7,5.7,158.8,122,613.3,74.2,214.8,271,553.9,117.7,2.8,1.2,198.9,0.2,1.5,0.5,561.1,0.1,21.3,0.1,825.2,13,91.3,5.3,997.6,16.4,0,0,846.3,7.3,0.2,1.2,2460.4,121.8,11.8,8.9,643.7,115.5,12.6,1.2,424.1,114.9,45.5,3.9,683.9,77.2,47.7,40.5,1113.6,52.9,15.5,49.5,585.9,134.3,15.5,19.7,614.4,93.3,87.5,51,340,254.7,165.9,168.7,382.4,306.8,10.3,104.9,3004.6,239.2,4.3,28.5,470.7,114.6,4.2,108.6,644,102.5,96.8,342,1951.6,371.7,186,208.5,798.4,398.7,59.92,146.8657143,1068.88,130.2638889
1985,31.2,357.2,1557,685.4,169.2,1065.4,2457,463.6,41,755.7,1895.1,109.9,42.6,627.5,1364.2,70.9,32.8,471.2,2277.3,256.6,32.9,132.4,1109.1,139,59.2,74,1297.2,176.9,28.3,58.6,998.3,155.1,9.3,77.7,1171.7,196.3,20.8,13.1,970.5,171.6,7.5,14.7,776,159,63.9,118.4,1173.8,297.6,3.8,12.3,489.4,66.9,5.7,31,620.4,95.8,93.4,156.1,726.1,218.3,103.9,220.4,559.4,283.5,0.4,20.4,169.3,7.3,1,10.5,480.3,96.4,2.1,8.9,705.9,157.8,48.9,9.1,960.2,97.2,0,2.9,462.4,124.3,0,23.7,2737.5,207.3,2.8,23.8,516.8,112.7,7.1,24.3,455.8,88.2,23.7,18,712.3,123,42.6,21,1096.8,77.2,43.1,26.6,571.6,326.3,5.7,33.9,636.1,110.3,17.7,29.8,336.4,301.9,94.9,89.3,481.2,398.1,5.3,91.4,2621.3,297.8,2.9,61.8,339.8,96.8,23.1,81.8,743.4,181.8,67.3,350,1650.4,322.8,6.4,221.4,887.6,188,32.58571429,152.4085714,1028.788571,190.6
1986,15.4,312.3,1473.6,386.5,224.5,721.2,1956.8,379.1,28.1,470.6,1726.6,367.5,16.1,434.1,1422.8,469.3,7.1,282.4,1838.9,237,15.9,201.7,1244.8,328.5,61.6,129.1,1125.2,244.1,28.1,103.7,1006.6,197.2,15,110.8,1048.6,147.6,43.5,32.4,784.4,75,61.3,39.5,584.3,30.1,72.2,305.9,997.1,139.3,38.2,52.1,339.3,21.4,42.8,75.7,456.7,36.7,126.6,363.7,626.6,205.6,131.8,471.1,548.9,369.2,10.9,28.7,164,0.6,25.1,26.1,532.2,6.7,50,8,871.3,7.8,110.6,32.9,829.4,56.2,0,2.1,497.1,2.6,0,1.1,2056.3,70.3,4.3,11.2,585.7,42.8,19.2,11.4,503.6,28.8,52.2,17.1,1029.6,58.2,69,30.2,1149.5,119.9,58.4,72.9,638.4,239.9,89.7,32.5,822.8,62.3,83.3,26.2,276.3,195.2,104.4,99.7,387.7,361,0.4,32,2685,217.1,18.4,62.8,444.1,95.2,0.3,77.9,542.3,314.2,24.3,200.9,1498.4,369.6,15.4,133.9,990.7,325.9,47.54571429,143.2542857,962.4457143,172.4555556
1987,107.6,200.9,1434.5,1021,167.2,805.1,2369.5,262.3,36.5,506.9,2170.6,207.3,20.8,408.8,1679.4,252.3,38.1,380.6,2609.8,157.1,8.9,187.2,1309.9,85.5,14.1,104,791.6,187.9,15.9,86.1,1174.1,56.6,4.3,83.1,1515.1,57.9,17.5,31.3,693.7,82.2,28.4,44.2,356.1,38.1,91.5,227.1,631.1,37.5,49.1,81.3,178.7,9.5,54,136.4,181.5,37.6,152.7,424.2,369.6,89.1,195.1,509.5,372.5,139,7.2,41.5,90.7,3.6,15.8,22.4,355.4,42.1,38.9,7.7,658.9,78.5,82.6,16.2,915.4,101.9,0.9,0.4,375.2,25.4,0,9.6,2429.1,196.3,5.6,43.1,587.5,171.4,11.5,23.7,553.4,197.6,30.4,18.1,643,131.1,18.5,32.4,969.7,122.2,21.1,93.9,442.2,522.8,16.2,58.3,689.8,212.5,5.1,48.5,328.3,387.6,9.2,99.2,306.4,548.6,0,65.4,2329,321.8,1.4,47.5,483.1,215.5,3.1,168.2,794.6,56.4,1.4,169.7,1347.2,619.2,3.4,89.4,886.8,309,36.4,150.6257143,943.5257143,194.0111111
1988,50.1,538.1,1810.5,924.3,110.9,727.7,2303.9,291.9,53.4,808.9,2151,248.5,34,695.6,1712.4,378.2,31.4,436.5,2573.6,99.9,24.6,208.1,1308.4,140.4,49.5,137.7,1055.1,64.6,40.2,89.5,981.1,42.9,16.4,120.3,1151.6,49,13.4,48.8,949.7,73.2,14.9,40.7,956,24,99.7,208.1,1213.4,81.2,14.7,41.5,776.7,12.1,27.5,93.3,1067.2,34.6,169.8,420.4,1160.3,130.6,233.6,366.9,964.4,106,1.3,10.6,264.7,3.8,3.3,12.9,612.8,11.1,4.1,12,875,60.1,24.7,14.3,1008.3,22.1,0,2.5,1083.7,11.2,0,5.6,3220.6,66.9,0.1,26.5,915.6,34.3,0,11.7,1128.6,29.7,8.6,20.6,1188.5,91.1,25.8,37.7,1113.6,29.2,16.7,110.3,928.9,109,6.5,31.1,1447.2,60.1,1.1,99.9,606.5,134.8,4,181.1,429.7,222.4,0.2,60.5,3269.5,136.4,2.9,74.3,681.4,36.9,0.1,89.8,715.7,107.9,18.3,372.9,1845.7,166.6,7.8,197.7,1127.9,117.4,31.70285714,181.5457143,1274.262857,115.3444444
1989,68.8,490,1424.1,550.7,162.1,620.3,1702.7,221.8,62,473.8,1929.5,216.8,27.8,363.2,1607.6,360.4,62.6,462.2,2182.5,147.2,5.3,185.1,1308.3,127.5,0.1,99.2,1170.2,30.2,2.2,69.3,1009.5,67.9,17.5,107.4,1101.7,43.2,18.8,16.6,911.3,23.2,25.7,17,596.1,18.4,105.7,68.7,1021.4,67.9,40.5,14.6,343.6,17.8,49.8,24.2,376.2,30.1,173.5,221.2,663,119.6,153.1,387.7,517.1,158.1,8.6,2.4,236.2,0.9,6.9,2.7,500,1,2.5,12.5,738.1,5.4,0.4,21.9,872.2,26.5,1.3,0.1,819.9,1.5,0,5.6,2681.5,84.4,0,31.4,759.1,26,0,51.5,989.8,27.1,0,25.6,925.1,46.9,0.1,20.4,1126.5,40.2,0.2,76.6,883,70.3,0,45.9,1087.6,27.4,0,51.5,469.1,173,2.7,122.2,389.2,342.4,0,84.4,2960.9,170.3,0,60.8,569,46.3,4.2,135.3,531.3,177.7,10.3,341.1,1664.7,406.5,20.6,204.1,1244.6,245.1,29.52285714,140.4714286,1066.074286,114.4361111
1990,13.6,536.8,1108,525.1,221.1,673.3,2203.7,250.8,66.1,734.4,1750.2,220.5,32.7,787.2,1452,310.4,113.6,596.6,2726,129.1,64.4,346,1325.4,225.6,50.3,325.2,1152.3,377.2,48.7,128.2,1084.8,142.6,30.6,111.1,1047.8,49.9,42.6,53.6,990.6,19.3,67.5,39.7,826.4,24.5,97.9,193.3,1185.8,87.8,79.5,28.9,558.7,36,59.7,50.7,602,42.2,197.4,332,767,166.3,316.7,436.9,511.5,308.9,25.2,19.2,396.1,4.4,27.5,20.6,720,11.9,10,31.8,1068.7,33.6,31.9,36.4,1266.9,44.9,3.3,33.2,1057.3,24.6,0,194,3163.2,210.8,2.8,78.4,767.3,174.1,2.9,142.1,822.2,231,10.4,83.9,1258.4,152.4,19,138.9,1331.5,154.4,91.4,616.4,591.5,311.9,8.3,196.1,1028.6,192.7,7.6,163.8,396,363.3,95,155.3,268.7,384.2,1.7,348.4,3460.2,310.1,4.8,135.1,460.1,119,1.1,175.3,792.2,252.6,19.7,548.3,1638,487.2,39.2,212.5,738,320.8,54.40571429,248.6742857,1157.631429,186.1138889
1991,18,352.2,1689.3,476.2,120.8,830.3,1154.4,181.9,43.9,733.6,1783.8,276.7,69.4,937,1467.2,378.3,65.7,432.3,2474.4,99.9,39.2,142.2,1219,208.7,22.8,87.7,1228.6,133.7,27.3,76,1082.2,65.5,20.7,48,950.5,26.5,19.5,15.9,818.7,21.1,21.8,13.1,684.3,29.6,71.2,124.8,774.6,50.1,19.7,22.2,330.5,21.4,39.9,61.7,346.3,28,167.1,294.8,595.6,47.4,287.8,502.7,591.6,66.7,4.2,20.7,152.4,1.8,2.7,14.4,550.1,11.4,3.7,5.9,728.5,7.4,11.3,22,973.4,10.2,0,0,672,0.7,0,21.2,2912.1,21.4,0.1,31.8,823,25.7,0.7,19.5,560.7,20,8,12.2,795.3,23.2,12.2,17.5,1136.2,54.9,22.8,49,760.9,289.3,25.8,65,686.2,72.2,11.5,64.9,468.9,422.3,28.9,76.6,368.5,480.9,0.1,143.9,3417.5,158.1,0.2,108.4,552.9,58.5,0.4,107.5,832.9,260.2,15.3,243.6,2515.6,410,12.3,99,1144.9,326.8,34.71428571,165.6457143,1064.085714,132.4083333
1992,86.8,246.8,1436.2,328.8,100.5,647.1,2155.2,166,61.1,468.8,1578.5,151.4,71.5,369.2,1503.6,277.1,56.7,363.4,1798.8,140,63.5,152.1,1128.3,70.7,23,83.8,1149.1,73.6,8.3,61.2,839.2,24.3,5.8,63.8,673.8,54.2,17.7,15.5,719,111.2,23.9,12.1,708.3,76.3,103.8,80.5,909.4,14.5,36.7,9.6,372.3,11.1,73,22.7,365.7,16.8,199.7,320.1,832.2,31.1,253.2,392.2,746.1,86.6,17,7.5,394.9,6.4,9.4,13.8,649,51.4,0.2,6,683.1,64.9,0.1,8,1035.1,8,0.8,0.9,877.7,21.7,0,6.2,2752.4,81.8,0,7.3,718.2,65.7,0,10.2,640.6,75.7,0.6,9,1090.8,48.2,0.4,7.8,1137.5,10.9,17.4,54.6,637.1,291.8,4.8,33.9,731.8,93.1,7.7,58.6,293.2,236.6,3.3,80.8,361.4,473.2,0,94.2,3412.6,375.4,0,60.9,414.1,193.3,0.5,95.5,648.9,293.2,3.4,261.6,2392.5,582.1,4.1,131.4,1178,221.4,35.85428571,121.6314286,1056.131429,134.125
1993,14.9,355,1312.5,555,91.8,733.1,1472.5,223,170.2,598.6,1969.9,140.5,150.4,747.7,1802.3,181.4,72.9,516.2,2047.3,259.6,4,235.6,1387.6,132.5,1.3,149.6,1200.9,96.2,3.7,98.6,1035.9,65.9,13.4,100.1,1041.2,53.6,6.8,66.1,752.4,8.6,17.1,37.4,702.2,15.1,147.3,254.4,1183.5,8.8,20.7,25.5,477.6,0,21.2,52.3,507.2,2.4,178.8,241.5,690,18,238.5,371.4,566,67.8,5.4,10.9,275.4,1.7,9,12.5,567.3,6.4,5,10.7,988.7,27.5,12.2,22.3,1062.5,21.9,1.7,0.1,908,31.7,0,12.1,3227.8,241,0.1,20.1,761.9,237.7,1,16.4,591.8,197.2,4.1,25.7,904.7,88.5,5.3,21.7,1116.3,61.9,12,114.9,511.7,231.2,7,55.3,709,114.2,6.7,77.6,403.2,399.6,7.1,67.7,314,693.5,0.1,96.7,2944.8,439.8,0.1,55.5,427.1,249.1,14.1,129.4,750.4,263.9,17.8,245.6,1823.1,631.3,1.7,56.9,938.2,452.9,36.09714286,161.0057143,1067.854286,172.7611111
1994,42.6,687.2,2191.5,341.5,94.6,465.8,1583.7,130.7,69.1,600.5,1273.4,178.3,39.6,484.7,1059.2,129,104.6,484.1,1443.6,95,72.6,169,1196.8,92.5,32.6,100.6,1529.9,81.5,41.5,49.8,1366.3,121.8,57.5,40.7,832.8,38.5,46.9,17.3,835.8,10.2,41.2,18.9,746.6,0.2,140.9,156.4,1115.1,29.3,31.4,16.7,515.9,0.3,50.9,16.5,508,5.5,213.4,225.8,884.8,86.2,273,318.1,870.3,271.1,11,13,391.4,0,24.1,12.1,802.5,0.4,20.1,6.9,1147,5.5,20.2,10.9,1477.5,25.1,7.2,0.2,1525.1,2.1,1.3,24.2,3014.1,140.1,3.2,46.2,893.4,78.8,3.4,29.3,454,97.2,19.8,11.9,1305.5,90,11.8,14.3,1648.8,79.6,24.6,83,574.4,473.1,21.1,41.8,733.6,179.2,18.6,71,271.6,329.3,34.6,120.5,264.2,486.6,3.5,123.2,4144.4,365.2,4.5,52.3,381.7,204.5,4.4,106.5,643.4,128.9,51.4,313.9,2493,552.5,79,202.5,897.2,368.4,49.03428571,146.7371429,1171.9,144.9472222
1995,64.3,348.1,1933.9,769.2,105.6,593.6,2707.4,210.2,48.5,486.8,2169,181.8,41.9,375.2,1637.9,285.3,59,484.5,2812,202.3,50.3,221.7,1411,253.1,67.7,337.7,954.3,254.3,23.5,56.9,1143.9,142.2,18.4,8.8,1005.1,79.6,42.3,6.1,784.5,27.6,41.3,11.6,771.7,2.2,222.6,155.8,1210.2,27.5,60.5,15.3,742.7,0.7,106.8,27.3,732,2.9,201.5,226.7,1028.6,37.1,311.6,328.5,845.4,134.1,16.3,6.6,331.5,13.6,32.7,8.5,701.3,11.8,15.5,18.3,803.1,27.7,33.1,52.3,926.9,20.1,2.2,0.3,657.9,23.9,3.5,18.6,2543,200.9,20.3,36,593.7,126.4,47.1,52.6,555.4,154.4,55.4,62.1,859.1,100.9,46.1,54.1,1091.4,89.1,30.1,289.6,646.6,385.8,99.3,73.6,767.9,345.3,32.9,159.6,501.6,180.1,27.1,195.2,366.4,254.7,3.7,159.6,2945,249.5,28.4,50.3,416.5,167.1,1.3,104,767.5,171.2,16.8,527.8,1933.2,380.9,149.8,495.3,1229.3,156.5,60.78285714,172.8285714,1157.911429,157.5
1996,57,424.1,1764.3,751.5,14,543.2,1519,240.4,36,616.4,1543.5,271,38.1,535.3,1413.9,207.2,65.1,546.1,2081.3,107.8,24.2,117,1202.7,160,24.8,68.4,909.3,59.3,41.5,31.4,1094.8,24.1,47.7,21.4,972,66.2,95.2,4.3,831,79.8,80.6,6.9,817.5,36.2,139.4,113.8,1116.4,31.9,46.5,17.3,560.7,20.2,71.6,25.5,473,19.6,236.4,231.6,871.1,45.3,243.2,424.4,811.8,141,5.4,26.8,271.9,3.8,9,12.9,680.2,13.5,15,4,1008,58.4,55,6.2,878.1,47.3,1,0,878.3,23.4,0.1,1.9,2670.8,248,0.1,9.9,788.7,176.5,0.1,12.5,718.6,123.8,5.9,13.6,741.4,94.1,16.7,10.6,1133.8,26,9.3,51.9,829.4,320.3,7.9,49.4,836.1,93.4,0.9,71.9,736.8,468.1,11.3,130.5,434.3,493.3,0.3,46.9,2816.8,324.9,0,46.1,601.4,164.3,4.9,97.5,785.8,291.8,11.8,213,1938.5,446.6,45.8,69,1190.1,301.1,41.76571429,131.4771429,1083.465714,166.1138889
1997,9.5,296.9,1988.8,459.9,,,,,58.9,465.6,1763.4,84.3,35.1,501.4,1567.9,107.7,50.2,362.9,2024.2,114.1,42.3,244.1,1288.1,83.1,23.2,142.7,1215.5,123.2,13.2,56.1,1262.1,129.8,11.6,74.4,1148.3,69.5,6.4,29.7,434.3,23,4.5,44.3,374.2,22.1,57,177.9,529.5,39.1,8.8,87.9,457.5,114.4,19.9,75.1,485.1,110,109.3,223.8,881,240.3,124,397.7,553.4,220.8,1.3,36.4,246.7,60.7,1,26.1,470.6,76.1,3,6.4,867.6,181.4,4,11.3,1101.1,240.6,0.7,7.1,1051.3,9.8,2.6,2.8,2893.4,128.5,3.3,24.3,807.4,166,8.8,30.6,491.3,259.8,16.3,29.3,767.9,225.7,6.4,55.1,1120.6,135.1,20.7,107.6,662.7,181,23.5,84.9,565.9,181.7,17.9,86.6,402.5,327.9,7.9,93.5,286.3,562.8,0.7,59.5,3575.8,317.5,4.3,54.9,852.7,183.7,0.1,82.2,815.4,215.7,3.7,230.2,2342.9,675.7,2.3,101,1127.4,534,20.65882353,126.7735294,1071.258824,188.7142857
1998,0.9,348.9,1561.2,935.4,,,,,43.4,573.1,1947.4,239.2,59.7,653.2,1367.9,144.7,50.5,533.4,2846.8,224.3,83.9,268.9,1011.5,268.4,59.8,149.1,934.8,213.4,97,133.4,964.1,159.3,19.6,88.4,1127,97.5,18.1,41,584.4,17.5,11.4,42.9,772.7,40.2,78,257.7,786.2,76.7,25,40.6,535.6,84,58.7,47.3,432.6,50.1,147.3,252.3,854.3,127.7,372.2,453.3,449.3,51.1,8.7,11,201.6,58.3,1.8,9.3,425.2,39.5,3.1,11.3,867,45.5,35.4,32.2,892.1,53.8,0.1,0,966.7,103.2,0,9.7,2900.6,324.4,0.2,21.4,894.8,184.7,0.5,13.8,930.5,181.9,27.4,35.1,883.1,116.1,76,55.6,1060.1,140.9,48.3,97.2,858,307.2,27.3,58.5,913.2,93.9,3.3,66,546.1,332.6,12.5,83.6,419.6,564,0,80,3265.1,362.9,0,39.2,626.7,186.6,4.7,174.9,665.9,304.2,8,220.8,2263.4,659.3,52,110.3,1242.2,582.4,42.2,147.4529412,1088.167647,210.5971429
1999,91.4,542.2,1358,708.1,,,,,2.9,656.1,1710.2,225,2.2,457.3,1510.9,262.6,14.9,509.3,2537.9,261.2,0.8,230,1517.2,209,0.8,168.9,1085.3,229.3,0.7,97,1345.1,144.1,0.3,87.8,1192.9,121.7,15.5,23.8,839.4,74.1,20.5,8.3,723.5,34.2,44.4,53.1,1051.2,36.8,32.4,21.5,285.4,5.1,49,26.8,287.9,0.7,163.5,138.8,804.8,37.8,239.4,163.5,415.5,72,9.5,39.6,147.6,7.6,6.5,6.4,379.9,15.6,32,4.5,929.8,86.5,22.7,4.8,1337.4,79,2,7.4,489.6,69.5,0,67.1,2664.5,180.4,6.7,39.3,742.1,177.7,6,18,623.6,119.9,21.1,33.5,1004.9,105.5,3.1,31.6,1194.9,93,2.8,85.4,554.7,182.2,9.3,81.2,715.4,58,5.8,80.4,268.8,182.1,32.3,135.3,249.6,505.3,0.4,343,3084.9,351.5,3.4,93.5,410.7,153.2,16.9,105.9,852.1,232.3,25.5,586.2,1661.9,640.9,50.3,455.6,946.2,405.2,27.5,158.9147059,1027.170588,173.3457143
2000,112,812.2,1244.2,594.7,,,,,34.2,679.5,1666.6,106.6,48.6,746.9,1357.9,210.4,46.9,566.6,2187.8,106.7,67.4,272.8,1153.9,77.9,34.2,97,937.6,28.3,24.7,93.6,1053.4,19.7,12.7,137,1047.7,9.7,7.9,52,867.4,19.5,31.7,27.4,712.2,0.1,99.3,139.4,1465.4,8.8,46.2,25.6,311.1,1.6,52,23.5,326.9,2.9,237.2,173.7,640,17.5,266.2,171.9,485.9,60.6,1,7.7,225.1,1.5,0.8,23.7,415,0.5,NA,30.3,581.7,1.4,0.1,7.5,864.9,1.8,0.1,36.1,510.6,3.9,1.2,191.2,2841.2,99.7,1.5,20.5,618.2,61.3,4.2,17.2,629.9,33.2,16.4,29,1048.2,11.5,2.6,11.4,887.8,4.6,42.5,88.3,768.9,92.6,17.5,66.1,965.3,29.1,34.3,96.1,531.8,209.1,104.7,105.6,403.9,357.8,15.5,243,2903.3,189.6,3,57.4,533.6,118.3,,,,,69.5,242.3,1739.4,361.5,102.2,255.9,805.3,208.7,48.071875,168.1333333,991.8818182,89.73823529
